path,car_left,car_right,cv_left,cv_right
test/00000.flac,3.458767,1.875205,0,0.14362139
test/00001.flac,2.0522563,1.8457798,0,0
test/00002.flac,0.5575373,0.02693855,0,0