Audiofilename,Starttime,Endtime
BUK5_20161101_002104a.wav,356.0134694,356.1384127
BUK5_20161101_002104a.wav,356.18839,356.488254
BUK5_20161101_002104a.wav,356.5882086,356.7131519